<?xml version = "1.0"?>
<!--
  --
  -- Generated Skit XML file
  -- Created on: Mon Jul 12 11:23:26 GMT+02:00 1999
  -- 
  -->
<!DOCTYPE STORE SYSTEM "store.dtd">
<STORE name="example">
  <OBJECT mimetype="text/plain" name="thisFile">
   <![CDATA[http://www.eccjnnvbvhhhhaalloo.uu.nl/ClassMate/example.html]]></OBJECT>
  <!-- NOTE: No clusters yet
  -->
  <ITEM selectPriority="1" scoreWeight="1">
    <FRAME orientation="vertical" weights="7,7,7,7,7,7,7,7,7,7,7,7,7">
      <FRAME orientation="horizontal" weights="100">
        <OBJECT mimetype="text/plain">
         <![CDATA[Infinitivus: <B>Dare</B>]]></OBJECT>
      </FRAME>
      <FRAME orientation="vertical" weights="25,25,25,25">
        <OBJECT mimetype="text/plain">
         <![CDATA[Perfectum:]]></OBJECT>
        <INTERACTION name="perfectum" mimetype="" action="" structure="singleton">
        </INTERACTION>
        <OBJECT mimetype="text/plain">
         <![CDATA[Translation:]]></OBJECT>
        <INTERACTION name="translation" mimetype="" action="" structure="singleton">
        </INTERACTION>
      </FRAME>
      <FRAME orientation="horizontal" weights="50,50">
        <OBJECT mimetype="text/plain">
         <![CDATA[Now use <b>Dare</b> in a sentence:]]></OBJECT>
        <INTERACTION name="sentence" mimetype="" action="" structure="singleton">
        </INTERACTION>
      </FRAME>
      <PATTERN name="_P01">
      <![CDATA[perfectum.value.contains("dedi")]]>
      </PATTERN>
      <PATTERN name="_P02">
      <![CDATA[translation.value.contains("give")]]>
      </PATTERN>
      <PATTERN name="_P03">
      <![CDATA[_P01 ? 1 : 0]]>
      </PATTERN>
      <PATTERN name="_P04">
      <![CDATA[_P02 ? 1 : 0]]>
      </PATTERN>
      <PATTERN name="scorepattern">
      <![CDATA[(_P03 + _P04 )/2]]>
      </PATTERN>
      <PATTERN name="_P05">
      <![CDATA[(_P01 && _P02)]]>
      </PATTERN>
      <FEEDBACK condition="_P01">
        <ITEM selectPriority="1" scoreWeight="1">
          <FRAME orientation="horizontal" weights="100">
            <OBJECT mimetype="text/plain">
             <![CDATA[Well done. The Perfectum is correct.]]></OBJECT>
          </FRAME>
      </FEEDBACK>
      <FEEDBACK condition="_P02">
        <ITEM selectPriority="1" scoreWeight="1">
          <FRAME orientation="horizontal" weights="100">
            <OBJECT mimetype="text/plain">
             <![CDATA[Well done. Your translation is correct.]]></OBJECT>
          </FRAME>
      </FEEDBACK>
      <!-- NOTE: more FEEDBACKs
           FEEDBACKs for incorrect Perfectums/translations. For instance: 
      -->
      <FEEDBACK condition="_P05">
        <ITEM selectPriority="1" scoreWeight="1">
          <FRAME orientation="horizontal" weights="100">
            <OBJECT mimetype="text/plain">
             <![CDATA[http://pcm0481.let.uu.nl/general/bigtiger.gif]]></OBJECT>
          </FRAME>
      </FEEDBACK>
    </FRAME>
    <!-- NOTE: other items in cluster...
    -->
</STORE>

