<?xml version="1.0"?>
<!--<!DOCTYPE ROOT SYSTEM "skit.dtd">-->
<ROOT>
<SKITOBJECTS>
<SKITOBJECT ID="1">
	<NAME>
	<![CDATA[Pino]]>
	</NAME>
	<TYPE>
	<![CDATA[book]]>
	</TYPE>
	<CONTENT>
	<![CDATA[Pinobird]]>
	</CONTENT>
</SKITOBJECT>
<SKITOBJECT ID="2">
	<NAME>
	<![CDATA[Ieniemienie]]>
	</NAME>
	<TYPE>
	<![CDATA[chapter]]>
	</TYPE>
	<CONTENT>
	<![CDATA[oeleboele]]>
	</CONTENT>
</SKITOBJECT>
<SKITOBJECT ID="3">
	<NAME>
	<![CDATA[Tommie]]>
	</NAME>
	<TYPE>
	<![CDATA[chapter]]>
	</TYPE>
	<CONTENT>
	<![CDATA[Blablabla]]>
	</CONTENT>
</SKITOBJECT>
<SKITOBJECT ID="4">
	<NAME>
	<![CDATA[Meneer Aart]]>
	</NAME>
	<TYPE>
	<![CDATA[text]]>
	</TYPE>
	<CONTENT>
	<![CDATA[Blabla]]>
	</CONTENT>
</SKITOBJECT>
<SKITOBJECT ID="5">
	<NAME>
	<![CDATA[SesamRelatie]]>
	</NAME>
	<TYPE>
	<![CDATA[relation]]>
	</TYPE>
	<CONTENT>
	<![CDATA[]]>
	</CONTENT>
</SKITOBJECT>
</SKITOBJECTS>
<SKITRELATIONS>
<SKITRELATION ID="5">
<SKITRELATIONSHIP PARENTID="1" CHILDID="2"/>
</SKITRELATION>
</SKITRELATIONS>
</ROOT>
